dataset,method,seed,acc_worst_group,acc_mean,acc_balanced_group,eo_gap,val_worst_group,hp_lr,hp_weight_decay,hp_lambda_adv,backbone,epochs,batch_size,hpo_trials,wall_s,peak_rss_gb,peak_vram_gb,eval_sha256,oom_backoffs,hp_C,hp_eta
celeba,adv,0,0.12222222222222222,0.8961526901112113,0.6066502716620519,0.21447132616487452,0.18681318681318682,0.00236,0.000811,0.113,resnet50,5,64,12,1774.0,1.229,2.97,ad92f5ba648eb1c4f370f05d6b48328cc73278247ade1786b09e057a58ddd643,0,,
celeba,adv,1,0.38333333333333336,0.919897805831079,0.7614375549313642,0.38440860215053757,0.45054945054945056,0.00236,0.000811,0.113,resnet50,5,64,12,1883.4,1.228,2.97,ad92f5ba648eb1c4f370f05d6b48328cc73278247ade1786b09e057a58ddd643,0,,
celeba,adv,2,0.4777777777777778,0.7212704137861937,0.6718255099276293,0.2956093189964158,0.6043956043956044,0.00236,0.000811,0.113,resnet50,5,64,12,1762.0,1.451,2.97,ad92f5ba648eb1c4f370f05d6b48328cc73278247ade1786b09e057a58ddd643,0,,
celeba,adv,3,0.36666666666666664,0.9351768359883779,0.7898885206976629,0.5204301075268818,0.3076923076923077,0.00236,0.000811,0.113,resnet50,5,64,12,1882.3,1.228,2.97,ad92f5ba648eb1c4f370f05d6b48328cc73278247ade1786b09e057a58ddd643,0,,
celeba,adv,4,0.6444444444444445,0.7448652439635307,0.7399160175927493,0.22773297491039424,0.6703296703296703,0.00236,0.000811,0.113,resnet50,5,64,12,1796.4,1.25,2.97,ad92f5ba648eb1c4f370f05d6b48328cc73278247ade1786b09e057a58ddd643,0,,
celeba,adv,5,0.35555555555555557,0.9248071335537521,0.7420233158793116,0.3238799283154122,0.3956043956043956,0.00236,0.000811,0.113,resnet50,5,64,12,1912.9,1.226,2.97,ad92f5ba648eb1c4f370f05d6b48328cc73278247ade1786b09e057a58ddd643,0,,
celeba,adv,6,0.45555555555555555,0.8885883178038273,0.7527803462576472,0.27871863799283153,0.3626373626373626,0.00236,0.000811,0.113,resnet50,5,64,12,1728.7,1.385,2.97,ad92f5ba648eb1c4f370f05d6b48328cc73278247ade1786b09e057a58ddd643,0,,
celeba,adv,7,0.6666666666666666,0.830728383929466,0.7605303599875851,0.2664307563305306,0.6694055099081682,0.00236,0.000811,0.113,resnet50,5,64,12,1712.6,1.364,2.97,ad92f5ba648eb1c4f370f05d6b48328cc73278247ade1786b09e057a58ddd643,0,,
celeba,adv,8,0.4444444444444444,0.9396353070834585,0.7969042106656747,0.369668458781362,0.5164835164835165,0.00236,0.000811,0.113,resnet50,5,64,12,1745.1,1.292,2.97,ad92f5ba648eb1c4f370f05d6b48328cc73278247ade1786b09e057a58ddd643,0,,
celeba,adv,9,0.6444444444444445,0.8895401262398557,0.8411031333083416,0.3031362007168459,0.7142857142857143,0.00236,0.000811,0.113,resnet50,5,64,12,1678.4,1.364,2.97,ad92f5ba648eb1c4f370f05d6b48328cc73278247ade1786b09e057a58ddd643,0,,
celeba,adv,10,0.5170537491705375,0.6207293858330829,0.7274815542749531,0.12464157706093193,0.500241662638956,0.00236,0.000811,0.113,resnet50,5,64,12,1722.7,1.227,2.97,ad92f5ba648eb1c4f370f05d6b48328cc73278247ade1786b09e057a58ddd643,0,,
celeba,adv,11,0.39444444444444443,0.7360985873159002,0.6230397696787239,0.16644265232974914,0.3516483516483517,0.00236,0.000811,0.113,resnet50,5,64,12,1641.5,1.438,2.97,ad92f5ba648eb1c4f370f05d6b48328cc73278247ade1786b09e057a58ddd643,0,,
celeba,adv,12,0.3888888888888889,0.8697525298066326,0.7091623325909538,0.24417562724014336,0.43956043956043955,0.00236,0.000811,0.113,resnet50,5,64,12,1783.5,1.364,2.97,ad92f5ba648eb1c4f370f05d6b48328cc73278247ade1786b09e057a58ddd643,0,,
celeba,adv,13,0.3,0.9126340046087567,0.7151191908917028,0.3443548387096775,0.3626373626373626,0.00236,0.000811,0.113,resnet50,5,64,12,1652.5,1.226,2.97,ad92f5ba648eb1c4f370f05d6b48328cc73278247ade1786b09e057a58ddd643,0,,
celeba,adv,14,0.49834107498341074,0.7321410680292556,0.7377416637806289,0.4010138958366978,0.4664088931851136,0.00236,0.000811,0.113,resnet50,5,64,12,1924.2,1.227,2.97,ad92f5ba648eb1c4f370f05d6b48328cc73278247ade1786b09e057a58ddd643,0,,
celeba,adv,15,0.5277777777777778,0.852670073138964,0.730634707673799,0.08996415770609323,0.615866388308977,0.00236,0.000811,0.113,resnet50,5,64,12,1695.5,1.315,2.97,ad92f5ba648eb1c4f370f05d6b48328cc73278247ade1786b09e057a58ddd643,0,,
celeba,adv,16,0.6666666666666666,0.7977657549343753,0.7378937021841593,0.21818778331405764,0.6967133881101981,0.00236,0.000811,0.113,resnet50,5,64,12,1746.7,1.364,2.97,ad92f5ba648eb1c4f370f05d6b48328cc73278247ade1786b09e057a58ddd643,0,,
celeba,adv,17,0.38333333333333336,0.9000601142170124,0.7596851648461744,0.43077956989247307,0.45054945054945056,0.00236,0.000811,0.113,resnet50,5,64,12,1613.5,1.453,2.97,ad92f5ba648eb1c4f370f05d6b48328cc73278247ade1786b09e057a58ddd643,0,,
celeba,adv,18,0.3,0.9385833082857429,0.7641757770206064,0.5278225806451613,0.3626373626373626,0.00236,0.000811,0.113,resnet50,5,64,12,1789.7,1.224,2.97,ad92f5ba648eb1c4f370f05d6b48328cc73278247ade1786b09e057a58ddd643,0,,
celeba,adv,19,0.5555555555555556,0.8904418394950406,0.8003124993584205,0.2807347670250896,0.5714285714285714,0.00236,0.000811,0.113,resnet50,5,64,12,1660.4,1.226,2.97,ad92f5ba648eb1c4f370f05d6b48328cc73278247ade1786b09e057a58ddd643,0,,
celeba,dfr,0,0.8611111111111112,0.9106802925558561,0.9066284122781749,0.09090501792114691,0.8802437309585188,0.000717,0.00022,,resnet50,5,64,12,1886.1,1.195,2.97,ad92f5ba648eb1c4f370f05d6b48328cc73278247ade1786b09e057a58ddd643,0,0.626,
celeba,dfr,1,0.8680249820825228,0.8907424105801022,0.9037369041792679,0.07199820788530475,0.8450902273259902,0.000717,0.00022,,resnet50,5,64,12,1900.9,1.295,2.97,ad92f5ba648eb1c4f370f05d6b48328cc73278247ade1786b09e057a58ddd643,0,0.626,
celeba,dfr,2,0.8555555555555555,0.897956116621581,0.8917080824578114,0.06420250896057356,0.8461538461538461,0.000717,0.00022,,resnet50,5,64,12,1942.4,1.186,2.97,ad92f5ba648eb1c4f370f05d6b48328cc73278247ade1786b09e057a58ddd643,0,0.626,
celeba,dfr,3,0.8555555555555555,0.9126840997896002,0.9023389202395292,0.07629928315412193,0.8351648351648352,0.000717,0.00022,,resnet50,5,64,12,1913.1,1.193,2.97,ad92f5ba648eb1c4f370f05d6b48328cc73278247ade1786b09e057a58ddd643,0,0.626,
celeba,dfr,4,0.8277777777777777,0.8938483117924055,0.8909412027726873,0.13351254480286745,0.8455589407077572,0.000717,0.00022,,resnet50,5,64,12,1946.9,1.511,2.97,ad92f5ba648eb1c4f370f05d6b48328cc73278247ade1786b09e057a58ddd643,0,0.626,
celeba,dfr,5,0.8,0.9039675383228133,0.8787809687325665,0.10483870967741926,0.8021978021978022,0.000717,0.00022,,resnet50,5,64,12,1946.9,1.33,2.97,ad92f5ba648eb1c4f370f05d6b48328cc73278247ade1786b09e057a58ddd643,0,0.626,
celeba,dfr,6,0.8222222222222222,0.897455164813145,0.8822579442711516,0.09148745519713264,0.8241758241758241,0.000717,0.00022,,resnet50,5,64,12,1731.6,1.171,2.97,ad92f5ba648eb1c4f370f05d6b48328cc73278247ade1786b09e057a58ddd643,0,0.626,
celeba,dfr,7,0.8722222222222222,0.9052199178439034,0.9062844522376462,0.07979390681003584,0.8725099601593626,0.000717,0.00022,,resnet50,5,64,12,1819.9,1.42,2.97,ad92f5ba648eb1c4f370f05d6b48328cc73278247ade1786b09e057a58ddd643,0,0.626,
celeba,dfr,8,0.8444444444444444,0.9058711551948703,0.8977745985879025,0.09870071684587811,0.881181157722053,0.000717,0.00022,,resnet50,5,64,12,1752.8,1.075,2.97,ad92f5ba648eb1c4f370f05d6b48328cc73278247ade1786b09e057a58ddd643,0,0.626,
celeba,dfr,9,0.8277777777777777,0.8855325117723675,0.8745972138387241,0.07948028673835128,0.8788375908132178,0.000717,0.00022,,resnet50,5,64,12,1770.0,1.193,2.97,ad92f5ba648eb1c4f370f05d6b48328cc73278247ade1786b09e057a58ddd643,0,0.626,
celeba,dfr,10,0.8944444444444445,0.9127842901512875,0.9134018950216337,0.04386200716845878,0.8571428571428571,0.000717,0.00022,,resnet50,5,64,12,1734.7,1.419,2.97,ad92f5ba648eb1c4f370f05d6b48328cc73278247ade1786b09e057a58ddd643,0,0.626,
celeba,dfr,11,0.8935633709356338,0.907173629896804,0.9106025587364815,0.02629928315412189,0.900398406374502,0.000717,0.00022,,resnet50,5,64,12,1794.7,1.33,2.97,ad92f5ba648eb1c4f370f05d6b48328cc73278247ade1786b09e057a58ddd643,0,0.626,
celeba,dfr,12,0.8611111111111112,0.8973549744514577,0.8943196610778094,0.06792114695340501,0.8797750175767518,0.000717,0.00022,,resnet50,5,64,12,1720.1,1.417,2.97,ad92f5ba648eb1c4f370f05d6b48328cc73278247ade1786b09e057a58ddd643,0,0.626,
celeba,dfr,13,0.8166666666666667,0.9066225829075243,0.8892538086660544,0.11357526881720437,0.8681318681318682,0.000717,0.00022,,resnet50,5,64,12,1765.3,1.193,2.97,ad92f5ba648eb1c4f370f05d6b48328cc73278247ade1786b09e057a58ddd643,0,0.626,
celeba,dfr,14,0.8611111111111112,0.9087766756837993,0.8928481547089567,0.026792114695340485,0.8131868131868132,0.000717,0.00022,,resnet50,5,64,12,1953.3,1.265,2.97,ad92f5ba648eb1c4f370f05d6b48328cc73278247ade1786b09e057a58ddd643,0,0.626,
celeba,dfr,15,0.8277777777777777,0.911331529906823,0.8908376400321472,0.08270609318996425,0.8901098901098901,0.000717,0.00022,,resnet50,5,64,12,1950.6,1.191,2.97,ad92f5ba648eb1c4f370f05d6b48328cc73278247ade1786b09e057a58ddd643,0,0.626,
celeba,dfr,16,0.8611111111111112,0.8944995491433724,0.8929367378020971,0.0727598566308243,0.8741504569955473,0.000717,0.00022,,resnet50,5,64,12,1751.0,1.331,2.97,ad92f5ba648eb1c4f370f05d6b48328cc73278247ade1786b09e057a58ddd643,0,0.626,
celeba,dfr,17,0.8444444444444444,0.890141268409979,0.8851852336710714,0.0805555555555556,0.8626669791422545,0.000717,0.00022,,resnet50,5,64,12,1812.2,1.194,2.97,ad92f5ba648eb1c4f370f05d6b48328cc73278247ade1786b09e057a58ddd643,0,0.626,
celeba,dfr,18,0.8722222222222222,0.9048692515779982,0.8989748754059856,0.041890681003584174,0.8832903679400047,0.000717,0.00022,,resnet50,5,64,12,1820.1,1.419,2.97,ad92f5ba648eb1c4f370f05d6b48328cc73278247ade1786b09e057a58ddd643,0,0.626,
celeba,dfr,19,0.8883875248838753,0.8966035467388037,0.9090615931486692,0.02284946236559149,0.8720412467775955,0.000717,0.00022,,resnet50,5,64,12,981.3,1.32,2.97,ad92f5ba648eb1c4f370f05d6b48328cc73278247ade1786b09e057a58ddd643,0,0.626,
celeba,erm,0,0.5,0.9591724276124637,0.8300781279663825,0.3608870967741935,0.4725274725274725,0.0015,0.00022,,resnet50,5,64,12,1891.8,1.195,2.97,ad92f5ba648eb1c4f370f05d6b48328cc73278247ade1786b09e057a58ddd643,0,,
celeba,erm,1,0.42777777777777776,0.9589219517082457,0.817756810133223,0.4617383512544803,0.42857142857142855,0.0015,0.00022,,resnet50,5,64,12,1899.1,1.195,2.97,ad92f5ba648eb1c4f370f05d6b48328cc73278247ade1786b09e057a58ddd643,0,,
celeba,erm,2,0.5388888888888889,0.9570183348361888,0.8483882118775371,0.37482078853046596,0.5274725274725275,0.0015,0.00022,,resnet50,5,64,12,1924.0,1.225,2.97,ad92f5ba648eb1c4f370f05d6b48328cc73278247ade1786b09e057a58ddd643,0,,
celeba,erm,3,0.5277777777777778,0.957118525197876,0.8457507302053908,0.38593189964157704,0.5824175824175825,0.0015,0.00022,,resnet50,5,64,12,1919.0,1.19,2.97,ad92f5ba648eb1c4f370f05d6b48328cc73278247ade1786b09e057a58ddd643,0,,
celeba,erm,4,0.4222222222222222,0.9581705239955917,0.8086762857866382,0.42818100358422945,0.4065934065934066,0.0015,0.00022,,resnet50,5,64,12,1899.3,1.194,2.97,ad92f5ba648eb1c4f370f05d6b48328cc73278247ade1786b09e057a58ddd643,0,,
celeba,erm,5,0.3888888888888889,0.9597735697825869,0.8062573438455332,0.48772401433691753,0.34065934065934067,0.0015,0.00022,,resnet50,5,64,12,1929.7,1.419,2.97,ad92f5ba648eb1c4f370f05d6b48328cc73278247ade1786b09e057a58ddd643,0,,
celeba,erm,6,0.4777777777777778,0.9572688107404068,0.8295420365819312,0.41415770609318997,0.37362637362637363,0.0015,0.00022,,resnet50,5,64,12,1922.0,1.194,2.97,ad92f5ba648eb1c4f370f05d6b48328cc73278247ade1786b09e057a58ddd643,0,,
celeba,erm,7,0.4444444444444444,0.9599238553251177,0.8181917340579381,0.4228942652329749,0.4945054945054945,0.0015,0.00022,,resnet50,5,64,12,1751.5,1.193,2.97,ad92f5ba648eb1c4f370f05d6b48328cc73278247ade1786b09e057a58ddd643,0,,
celeba,erm,8,0.4666666666666667,0.9582707143572788,0.8240706008136691,0.40793010752688175,0.42857142857142855,0.0015,0.00022,,resnet50,5,64,12,1723.0,1.192,2.97,ad92f5ba648eb1c4f370f05d6b48328cc73278247ade1786b09e057a58ddd643,0,,
celeba,erm,9,0.46111111111111114,0.958370904718966,0.8297688114783773,0.4505824372759857,0.4835164835164835,0.0015,0.00022,,resnet50,5,64,12,1791.0,1.328,2.97,ad92f5ba648eb1c4f370f05d6b48328cc73278247ade1786b09e057a58ddd643,0,,
celeba,erm,10,0.4777777777777778,0.9561166215810039,0.8325033562944255,0.43310931899641575,0.5054945054945055,0.0015,0.00022,,resnet50,5,64,12,1725.0,1.325,2.97,ad92f5ba648eb1c4f370f05d6b48328cc73278247ade1786b09e057a58ddd643,0,,
celeba,erm,11,0.5111111111111111,0.9579200480913737,0.8399563204150902,0.3917114695340502,0.4835164835164835,0.0015,0.00022,,resnet50,5,64,12,1789.2,1.194,2.97,ad92f5ba648eb1c4f370f05d6b48328cc73278247ade1786b09e057a58ddd643,0,,
celeba,erm,12,0.4388888888888889,0.9577196673679992,0.8201541466405624,0.4526433691756272,0.4175824175824176,0.0015,0.00022,,resnet50,5,64,12,1721.6,1.043,2.97,ad92f5ba648eb1c4f370f05d6b48328cc73278247ade1786b09e057a58ddd643,0,,
celeba,erm,13,0.5388888888888889,0.9582206191764352,0.8442636808928534,0.34982078853046594,0.4835164835164835,0.0015,0.00022,,resnet50,5,64,12,1765.1,1.148,2.97,ad92f5ba648eb1c4f370f05d6b48328cc73278247ade1786b09e057a58ddd643,0,,
celeba,erm,14,0.5222222222222223,0.9562168119426911,0.8435955339444763,0.38987455197132614,0.42857142857142855,0.0015,0.00022,,resnet50,5,64,12,1714.9,1.397,2.97,ad92f5ba648eb1c4f370f05d6b48328cc73278247ade1786b09e057a58ddd643,0,,
celeba,erm,15,0.4777777777777778,0.9600741408676485,0.8302081699950045,0.41012544802867384,0.45054945054945056,0.0015,0.00022,,resnet50,5,64,12,1783.5,1.192,2.97,ad92f5ba648eb1c4f370f05d6b48328cc73278247ade1786b09e057a58ddd643,0,,
celeba,erm,16,0.48333333333333334,0.957118525197876,0.833903959073952,0.4255376344086021,0.46153846153846156,0.0015,0.00022,,resnet50,5,64,12,1940.7,1.328,2.97,ad92f5ba648eb1c4f370f05d6b48328cc73278247ade1786b09e057a58ddd643,0,,
celeba,erm,17,0.4111111111111111,0.957619477006312,0.8139564107676232,0.48364695340501795,0.42857142857142855,0.0015,0.00022,,resnet50,5,64,12,1769.0,1.33,2.97,ad92f5ba648eb1c4f370f05d6b48328cc73278247ade1786b09e057a58ddd643,0,,
celeba,erm,18,0.43333333333333335,0.9567678589319707,0.8174544656988265,0.45376344086021503,0.4725274725274725,0.0015,0.00022,,resnet50,5,64,12,1806.7,1.193,2.97,ad92f5ba648eb1c4f370f05d6b48328cc73278247ade1786b09e057a58ddd643,0,,
celeba,erm,19,0.4888888888888889,0.9599238553251177,0.8308727869176635,0.38812724014336925,0.5054945054945055,0.0015,0.00022,,resnet50,5,64,12,1856.1,1.194,2.97,ad92f5ba648eb1c4f370f05d6b48328cc73278247ade1786b09e057a58ddd643,0,,
celeba,gdro,0,0.8722222222222222,0.9341749323715058,0.9222080414405872,0.07535842293906814,0.9010989010989011,0.00225,2.17e-05,,resnet50,5,64,12,2024.3,1.431,2.97,ad92f5ba648eb1c4f370f05d6b48328cc73278247ade1786b09e057a58ddd643,0,,0.00302
celeba,gdro,1,0.9042694788573769,0.9173429516080553,0.9297191898940076,0.028763440860214984,0.8903210686665104,0.00225,2.17e-05,,resnet50,5,64,12,2004.7,1.432,2.97,ad92f5ba648eb1c4f370f05d6b48328cc73278247ade1786b09e057a58ddd643,0,,0.00302
celeba,gdro,2,0.8666666666666667,0.9415389239555155,0.9223302041456564,0.06760752688172045,0.9120879120879121,0.00225,2.17e-05,,resnet50,5,64,12,2044.1,1.433,2.97,ad92f5ba648eb1c4f370f05d6b48328cc73278247ade1786b09e057a58ddd643,0,,0.00302
celeba,gdro,3,0.8888888888888888,0.9340747420098187,0.9261329945625515,0.05869175627240153,0.8791208791208791,0.00225,2.17e-05,,resnet50,5,64,12,2012.0,1.569,2.97,ad92f5ba648eb1c4f370f05d6b48328cc73278247ade1786b09e057a58ddd643,0,,0.00302
celeba,gdro,4,0.9028360806798402,0.9160404769061217,0.9265925686878682,0.028270609318996387,0.891024138739161,0.00225,2.17e-05,,resnet50,5,64,12,2024.8,1.425,2.97,ad92f5ba648eb1c4f370f05d6b48328cc73278247ade1786b09e057a58ddd643,0,,0.00302
celeba,gdro,5,0.8666666666666667,0.9423905420298567,0.9172674267160795,0.03817204301075261,0.9025748086290883,0.00225,2.17e-05,,resnet50,5,64,12,2014.4,1.45,2.97,ad92f5ba648eb1c4f370f05d6b48328cc73278247ade1786b09e057a58ddd643,0,,0.00302
celeba,gdro,6,0.8222222222222222,0.9382326420198377,0.9069644502670682,0.09874551971326173,0.8901098901098901,0.00225,2.17e-05,,resnet50,5,64,12,2044.5,1.286,2.97,ad92f5ba648eb1c4f370f05d6b48328cc73278247ade1786b09e057a58ddd643,0,,0.00302
celeba,gdro,7,0.8611111111111112,0.9347760745416291,0.9158967707049145,0.06792114695340501,0.9120879120879121,0.00225,2.17e-05,,resnet50,5,64,12,1951.2,1.459,2.97,ad92f5ba648eb1c4f370f05d6b48328cc73278247ade1786b09e057a58ddd643,0,,0.00302
celeba,gdro,8,0.8944444444444445,0.9404368299769562,0.9292907648148464,0.04345878136200709,0.8901098901098901,0.00225,2.17e-05,,resnet50,5,64,12,1858.9,1.42,2.97,ad92f5ba648eb1c4f370f05d6b48328cc73278247ade1786b09e057a58ddd643,0,,0.00302
celeba,gdro,9,0.8666666666666667,0.935928263701032,0.92117807486044,0.07688172043010755,0.9010989010989011,0.00225,2.17e-05,,resnet50,5,64,12,1962.8,1.348,2.97,ad92f5ba648eb1c4f370f05d6b48328cc73278247ade1786b09e057a58ddd643,0,,0.00302
celeba,gdro,10,0.8944444444444445,0.9300671275423305,0.9252729649993018,0.05394265232974904,0.9010989010989011,0.00225,2.17e-05,,resnet50,5,64,12,1863.3,1.437,2.97,ad92f5ba648eb1c4f370f05d6b48328cc73278247ade1786b09e057a58ddd643,0,,0.00302
celeba,gdro,11,0.9055555555555556,0.9265604648832783,0.9254520357825013,0.04121863799283154,0.9071947504101242,0.00225,2.17e-05,,resnet50,5,64,12,1941.0,1.434,2.97,ad92f5ba648eb1c4f370f05d6b48328cc73278247ade1786b09e057a58ddd643,0,,0.00302
celeba,gdro,12,0.8611111111111112,0.9295661757338944,0.9183445021308579,0.09332437275985661,0.8681318681318682,0.00225,2.17e-05,,resnet50,5,64,12,1876.6,1.421,2.97,ad92f5ba648eb1c4f370f05d6b48328cc73278247ade1786b09e057a58ddd643,0,,0.00302
celeba,gdro,13,0.8666666666666667,0.9355775974351267,0.919798844390979,0.073252688172043,0.9010989010989011,0.00225,2.17e-05,,resnet50,5,64,12,1950.6,1.558,2.97,ad92f5ba648eb1c4f370f05d6b48328cc73278247ade1786b09e057a58ddd643,0,,0.00302
celeba,gdro,14,0.8722222222222222,0.9374812143071837,0.9231004213841755,0.07092293906810032,0.8901098901098901,0.00225,2.17e-05,,resnet50,5,64,12,1918.3,1.455,2.97,ad92f5ba648eb1c4f370f05d6b48328cc73278247ade1786b09e057a58ddd643,0,,0.00302
celeba,gdro,15,0.8444444444444444,0.9384831179240557,0.9166612419253127,0.09749103942652326,0.9010989010989011,0.00225,2.17e-05,,resnet50,5,64,12,1984.3,1.509,2.97,ad92f5ba648eb1c4f370f05d6b48328cc73278247ade1786b09e057a58ddd643,0,,0.00302
celeba,gdro,16,0.8444444444444444,0.9399358781685202,0.9131020110205863,0.07410394265232978,0.8791208791208791,0.00225,2.17e-05,,resnet50,5,64,12,1981.5,1.422,2.97,ad92f5ba648eb1c4f370f05d6b48328cc73278247ade1786b09e057a58ddd643,0,,0.00302
celeba,gdro,17,0.8333333333333334,0.9319707444143873,0.912306628317271,0.11787634408602143,0.9029763299742207,0.00225,2.17e-05,,resnet50,5,64,12,1857.1,1.42,2.97,ad92f5ba648eb1c4f370f05d6b48328cc73278247ade1786b09e057a58ddd643,0,,0.00302
celeba,gdro,18,0.8388888888888889,0.9444444444444444,0.9160236568656196,0.08812724014336915,0.8901098901098901,0.00225,2.17e-05,,resnet50,5,64,12,1891.8,1.651,2.97,ad92f5ba648eb1c4f370f05d6b48328cc73278247ade1786b09e057a58ddd643,0,,0.00302
celeba,gdro,19,0.8333333333333334,0.9343252179140367,0.9112457751586924,0.10577956989247306,0.909303960628076,0.00225,2.17e-05,,resnet50,5,64,12,2002.1,1.423,2.97,ad92f5ba648eb1c4f370f05d6b48328cc73278247ade1786b09e057a58ddd643,0,,0.00302
celeba,rw,0,0.8722222222222222,0.9358280733393447,0.9212634563715082,0.06527777777777777,0.8791208791208791,0.00118,0.000261,,resnet50,5,64,12,1871.7,1.227,2.97,ad92f5ba648eb1c4f370f05d6b48328cc73278247ade1786b09e057a58ddd643,0,,
celeba,rw,1,0.8777777777777778,0.9343753130948803,0.9218092433239884,0.05931899641577065,0.9120879120879121,0.00118,0.000261,,resnet50,5,64,12,1792.5,1.226,2.97,ad92f5ba648eb1c4f370f05d6b48328cc73278247ade1786b09e057a58ddd643,0,,
celeba,rw,2,0.9200368588102795,0.9316200781484821,0.9326585075486193,0.024148745519713244,0.9074291071010078,0.00118,0.000261,,resnet50,5,64,12,1911.7,1.451,2.97,ad92f5ba648eb1c4f370f05d6b48328cc73278247ade1786b09e057a58ddd643,0,,
celeba,rw,3,0.9055555555555556,0.9232541829476004,0.9242215160825075,0.04363799283154124,0.9025076165924537,0.00118,0.000261,,resnet50,5,64,12,1793.5,1.224,2.97,ad92f5ba648eb1c4f370f05d6b48328cc73278247ade1786b09e057a58ddd643,0,,
celeba,rw,4,0.8555555555555555,0.940086163711051,0.9185080197101234,0.07670250896057351,0.8901098901098901,0.00118,0.000261,,resnet50,5,64,12,1889.8,1.451,2.97,ad92f5ba648eb1c4f370f05d6b48328cc73278247ade1786b09e057a58ddd643,0,,
celeba,rw,5,0.8944444444444445,0.9269111311491834,0.9191883934406074,0.032974910394265144,0.9137567377548629,0.00118,0.000261,,resnet50,5,64,12,1751.2,1.226,2.97,ad92f5ba648eb1c4f370f05d6b48328cc73278247ade1786b09e057a58ddd643,0,,
celeba,rw,6,0.8944444444444445,0.9306181745316101,0.9218516244734752,0.03579749103942653,0.9010989010989011,0.00118,0.000261,,resnet50,5,64,12,1905.1,1.37,2.97,ad92f5ba648eb1c4f370f05d6b48328cc73278247ade1786b09e057a58ddd643,0,,
celeba,rw,7,0.9105149994880721,0.9155896202785292,0.9270165381622668,0.008691756272401485,0.8994609796109679,0.00118,0.000261,,resnet50,5,64,12,1617.6,1.279,2.97,ad92f5ba648eb1c4f370f05d6b48328cc73278247ade1786b09e057a58ddd643,0,,
celeba,rw,8,0.8944444444444445,0.9224526600541028,0.9236765249922166,0.06603942652329742,0.8828216545582377,0.00118,0.000261,,resnet50,5,64,12,1777.6,1.438,2.97,ad92f5ba648eb1c4f370f05d6b48328cc73278247ade1786b09e057a58ddd643,0,,
celeba,rw,9,0.8388888888888889,0.9348261697224727,0.908493433321193,0.07804659498207889,0.9010989010989011,0.00118,0.000261,,resnet50,5,64,12,1638.8,1.361,2.97,ad92f5ba648eb1c4f370f05d6b48328cc73278247ade1786b09e057a58ddd643,0,,
celeba,rw,10,0.9055555555555556,0.9220018034265104,0.9226551172269669,0.039605734767025114,0.9006327630653855,0.00118,0.000261,,resnet50,5,64,12,1734.7,1.363,2.97,ad92f5ba648eb1c4f370f05d6b48328cc73278247ade1786b09e057a58ddd643,0,,
celeba,rw,11,0.8888888888888888,0.9380823564773069,0.9245093557547516,0.03974014336917564,0.9010989010989011,0.00118,0.000261,,resnet50,5,64,12,1679.4,1.305,2.97,ad92f5ba648eb1c4f370f05d6b48328cc73278247ade1786b09e057a58ddd643,0,,
celeba,rw,12,0.9081601310535476,0.9246568480112213,0.9319050013211092,0.028270609318996387,0.8957112725568315,0.00118,0.000261,,resnet50,5,64,12,1732.6,1.361,2.97,ad92f5ba648eb1c4f370f05d6b48328cc73278247ade1786b09e057a58ddd643,0,,
celeba,rw,13,0.8388888888888889,0.9379821661156197,0.9147657245251221,0.10022401433691752,0.9120879120879121,0.00118,0.000261,,resnet50,5,64,12,1676.4,1.223,2.97,ad92f5ba648eb1c4f370f05d6b48328cc73278247ade1786b09e057a58ddd643,0,,
celeba,rw,14,0.8944444444444445,0.9268610359683398,0.9257640345103096,0.06482974910394257,0.8928989922662292,0.00118,0.000261,,resnet50,5,64,12,1769.0,1.224,2.97,ad92f5ba648eb1c4f370f05d6b48328cc73278247ade1786b09e057a58ddd643,0,,
celeba,rw,15,0.9,0.9193467588417994,0.9171760512431685,0.0346774193548387,0.9011014764471525,0.00118,0.000261,,resnet50,5,64,12,1719.8,1.204,2.97,ad92f5ba648eb1c4f370f05d6b48328cc73278247ade1786b09e057a58ddd643,0,,
celeba,rw,16,0.8833333333333333,0.9261597034365294,0.9200524971766417,0.06303763440860222,0.9027419732833373,0.00118,0.000261,,resnet50,5,64,12,1643.9,1.225,2.97,ad92f5ba648eb1c4f370f05d6b48328cc73278247ade1786b09e057a58ddd643,0,,
celeba,rw,17,0.8888888888888888,0.9364793106903115,0.9252487688986292,0.04699820788530473,0.9153972345910476,0.00118,0.000261,,resnet50,5,64,12,1737.0,1.225,2.97,ad92f5ba648eb1c4f370f05d6b48328cc73278247ade1786b09e057a58ddd643,0,,
celeba,rw,18,0.9166666666666666,0.9293156998296764,0.928060697100027,0.02123655913978495,0.9142254511366299,0.00118,0.000261,,resnet50,5,64,12,1758.7,1.452,2.97,ad92f5ba648eb1c4f370f05d6b48328cc73278247ade1786b09e057a58ddd643,0,,
celeba,rw,19,0.9111111111111111,0.9331730287546338,0.9264529908925262,0.012679211469534102,0.9010989010989011,0.00118,0.000261,,resnet50,5,64,12,1849.8,1.447,2.97,ad92f5ba648eb1c4f370f05d6b48328cc73278247ade1786b09e057a58ddd643,0,,
waterbirds,adv,0,0.7133956386292835,0.9073179150845703,0.8800217239640535,0.2352024922118381,0.7121212121212122,0.00258,0.000227,0.0633,resnet50,30,64,12,334.5,1.433,2.97,cfb0d6d3c6bc4e5e8f542197e3910b266c71333d91adb01412faa09d3eb8540d,0,,
waterbirds,adv,1,0.7618625277161862,0.8740075940628236,0.8814653832604596,0.21241685144124167,0.7424242424242424,0.00258,0.000227,0.0633,resnet50,30,64,12,339.7,1.439,2.97,cfb0d6d3c6bc4e5e8f542197e3910b266c71333d91adb01412faa09d3eb8540d,0,,
waterbirds,adv,2,0.7445482866043613,0.9149119779081809,0.8885208363553474,0.1931464174454829,0.7272727272727273,0.00258,0.000227,0.0633,resnet50,30,64,12,306.4,1.439,2.97,cfb0d6d3c6bc4e5e8f542197e3910b266c71333d91adb01412faa09d3eb8540d,0,,
waterbirds,adv,3,0.7959501557632399,0.9017949603037625,0.8937437401136968,0.16666666666666663,0.7878787878787878,0.00258,0.000227,0.0633,resnet50,30,64,12,321.5,1.434,2.97,cfb0d6d3c6bc4e5e8f542197e3910b266c71333d91adb01412faa09d3eb8540d,0,,
waterbirds,adv,4,0.7180685358255452,0.9068001380738695,0.8810818465024073,0.23364485981308414,0.7727272727272727,0.00258,0.000227,0.0633,resnet50,30,64,12,327.7,1.441,2.97,cfb0d6d3c6bc4e5e8f542197e3910b266c71333d91adb01412faa09d3eb8540d,0,,
waterbirds,adv,5,0.7959501557632399,0.9266482568173973,0.9066442864938421,0.14953271028037385,0.7424242424242424,0.00258,0.000227,0.0633,resnet50,30,64,12,327.1,1.449,2.97,cfb0d6d3c6bc4e5e8f542197e3910b266c71333d91adb01412faa09d3eb8540d,0,,
waterbirds,adv,6,0.7897196261682243,0.917155678287884,0.9013823555822644,0.16666666666666663,0.7424242424242424,0.00258,0.000227,0.0633,resnet50,30,64,12,330.2,1.433,2.97,cfb0d6d3c6bc4e5e8f542197e3910b266c71333d91adb01412faa09d3eb8540d,0,,
waterbirds,adv,7,0.822429906542056,0.9223334483948913,0.9086079048980804,0.1230529595015577,0.7878787878787878,0.00258,0.000227,0.0633,resnet50,30,64,12,338.9,1.433,2.97,cfb0d6d3c6bc4e5e8f542197e3910b266c71333d91adb01412faa09d3eb8540d,0,,
waterbirds,adv,8,0.7928348909657321,0.8938557128063513,0.8855799849417356,0.17694013303769401,0.7575757575757576,0.00258,0.000227,0.0633,resnet50,30,64,12,311.4,1.44,2.97,cfb0d6d3c6bc4e5e8f542197e3910b266c71333d91adb01412faa09d3eb8540d,0,,
waterbirds,adv,9,0.8255451713395638,0.9059371763893683,0.9003041009594464,0.15609756097560976,0.803030303030303,0.00258,0.000227,0.0633,resnet50,30,64,12,327.8,1.43,2.97,cfb0d6d3c6bc4e5e8f542197e3910b266c71333d91adb01412faa09d3eb8540d,0,,
waterbirds,adv,10,0.7725856697819314,0.918536416983086,0.8961413197394505,0.16666666666666674,0.803030303030303,0.00258,0.000227,0.0633,resnet50,30,64,12,325.3,1.442,2.97,cfb0d6d3c6bc4e5e8f542197e3910b266c71333d91adb01412faa09d3eb8540d,0,,
waterbirds,adv,11,0.7924611973392461,0.88574387297204,0.8842689488916979,0.18891352549889137,0.8111587982832618,0.00258,0.000227,0.0633,resnet50,30,64,12,335.2,1.442,2.97,cfb0d6d3c6bc4e5e8f542197e3910b266c71333d91adb01412faa09d3eb8540d,0,,
waterbirds,adv,12,0.7787139689578714,0.8829823955816362,0.8880659800650682,0.20044345898004434,0.7682403433476395,0.00258,0.000227,0.0633,resnet50,30,64,12,329.8,1.439,2.97,cfb0d6d3c6bc4e5e8f542197e3910b266c71333d91adb01412faa09d3eb8540d,0,,
waterbirds,adv,13,0.8068535825545171,0.9093890231273731,0.8983432455395073,0.14330218068535827,0.7878787878787878,0.00258,0.000227,0.0633,resnet50,30,64,12,335.8,1.445,2.97,cfb0d6d3c6bc4e5e8f542197e3910b266c71333d91adb01412faa09d3eb8540d,0,,
waterbirds,adv,14,0.7554517133956387,0.9116327235070762,0.8886427530375559,0.18380062305295952,0.7272727272727273,0.00258,0.000227,0.0633,resnet50,30,64,12,320.3,1.424,2.97,cfb0d6d3c6bc4e5e8f542197e3910b266c71333d91adb01412faa09d3eb8540d,0,,
waterbirds,adv,15,0.7616822429906542,0.9024853296513635,0.8841596383253553,0.17912772585669778,0.7878787878787878,0.00258,0.000227,0.0633,resnet50,30,64,12,334.3,1.432,2.97,cfb0d6d3c6bc4e5e8f542197e3910b266c71333d91adb01412faa09d3eb8540d,0,,
waterbirds,adv,16,0.7632398753894081,0.9137038315498792,0.8924800201697854,0.18224299065420568,0.7727272727272727,0.00258,0.000227,0.0633,resnet50,30,64,12,320.1,1.441,2.97,cfb0d6d3c6bc4e5e8f542197e3910b266c71333d91adb01412faa09d3eb8540d,0,,
waterbirds,adv,17,0.7881619937694704,0.912150500517777,0.8962174744942012,0.15887850467289721,0.803030303030303,0.00258,0.000227,0.0633,resnet50,30,64,12,334.0,1.433,2.97,cfb0d6d3c6bc4e5e8f542197e3910b266c71333d91adb01412faa09d3eb8540d,0,,
waterbirds,adv,18,0.7866043613707165,0.917155678287884,0.8988754653901679,0.15887850467289721,0.7424242424242424,0.00258,0.000227,0.0633,resnet50,30,64,12,329.1,1.442,2.97,cfb0d6d3c6bc4e5e8f542197e3910b266c71333d91adb01412faa09d3eb8540d,0,,
waterbirds,adv,19,0.7897196261682243,0.9024853296513635,0.8911232221922899,0.161993769470405,0.7727272727272727,0.00258,0.000227,0.0633,resnet50,30,64,12,334.2,1.432,2.97,cfb0d6d3c6bc4e5e8f542197e3910b266c71333d91adb01412faa09d3eb8540d,0,,
waterbirds,dfr,0,0.8909657320872274,0.9099068001380739,0.9034110768040561,0.03237250554323724,0.8484848484848485,0.00956,0.000295,,resnet50,30,64,12,346.6,1.507,2.97,cfb0d6d3c6bc4e5e8f542197e3910b266c71333d91adb01412faa09d3eb8540d,0,0.00925,
waterbirds,dfr,1,0.881619937694704,0.9138764238867795,0.9087463994860849,0.06119733924611973,0.7272727272727273,0.00956,0.000295,,resnet50,30,64,12,348.9,1.516,2.97,cfb0d6d3c6bc4e5e8f542197e3910b266c71333d91adb01412faa09d3eb8540d,0,0.00925,
waterbirds,dfr,2,0.8736141906873615,0.8954090438384535,0.894934068287157,0.04434589800443457,0.8484848484848485,0.00956,0.000295,,resnet50,30,64,12,344.4,1.493,2.97,cfb0d6d3c6bc4e5e8f542197e3910b266c71333d91adb01412faa09d3eb8540d,0,0.00925,
waterbirds,dfr,3,0.8465631929046563,0.8948912668277529,0.9079715550766383,0.07583148558758315,0.7575757575757576,0.00956,0.000295,,resnet50,30,64,12,320.7,1.507,2.97,cfb0d6d3c6bc4e5e8f542197e3910b266c71333d91adb01412faa09d3eb8540d,0,0.00925,
waterbirds,dfr,4,0.8909657320872274,0.9207801173627891,0.9168020528973343,0.03738317757009346,0.8181818181818182,0.00956,0.000295,,resnet50,30,64,12,327.8,1.503,2.97,cfb0d6d3c6bc4e5e8f542197e3910b266c71333d91adb01412faa09d3eb8540d,0,0.00925,
waterbirds,dfr,5,0.8878504672897196,0.9313082499137039,0.9224506289243011,0.03738317757009346,0.8181818181818182,0.00956,0.000295,,resnet50,30,64,12,335.6,1.512,2.97,cfb0d6d3c6bc4e5e8f542197e3910b266c71333d91adb01412faa09d3eb8540d,0,0.00925,
waterbirds,dfr,6,0.8842572062084257,0.9074905074214705,0.9107723577235772,0.04124168514412416,0.803030303030303,0.00956,0.000295,,resnet50,30,64,12,338.8,1.502,2.97,cfb0d6d3c6bc4e5e8f542197e3910b266c71333d91adb01412faa09d3eb8540d,0,0.00925,
waterbirds,dfr,7,0.9143302180685359,0.9288919571971005,0.9236839560409198,0.017738359201773843,0.8333333333333334,0.00956,0.000295,,resnet50,30,64,12,342.9,1.502,2.97,cfb0d6d3c6bc4e5e8f542197e3910b266c71333d91adb01412faa09d3eb8540d,0,0.00925,
waterbirds,dfr,8,0.8847352024922118,0.9183638246461857,0.9135786863391149,0.05454545454545455,0.8181818181818182,0.00956,0.000295,,resnet50,30,64,12,341.1,1.505,2.97,cfb0d6d3c6bc4e5e8f542197e3910b266c71333d91adb01412faa09d3eb8540d,0,0.00925,
waterbirds,dfr,9,0.881619937694704,0.9200897480151882,0.9099520967597101,0.02024922118380068,0.8333333333333334,0.00956,0.000295,,resnet50,30,64,12,335.3,1.502,2.97,cfb0d6d3c6bc4e5e8f542197e3910b266c71333d91adb01412faa09d3eb8540d,0,0.00925,
waterbirds,dfr,10,0.9065420560747663,0.9226786330686918,0.9202499119298755,0.031042128603104215,0.8181818181818182,0.00956,0.000295,,resnet50,30,64,12,334.7,1.516,2.97,cfb0d6d3c6bc4e5e8f542197e3910b266c71333d91adb01412faa09d3eb8540d,0,0.00925,
waterbirds,dfr,11,0.8891352549889135,0.9159475319295823,0.9170403602931526,0.05188470066518847,0.8181818181818182,0.00956,0.000295,,resnet50,30,64,12,339.6,1.503,2.97,cfb0d6d3c6bc4e5e8f542197e3910b266c71333d91adb01412faa09d3eb8540d,0,0.00925,
waterbirds,dfr,12,0.8940809968847352,0.9176734552985848,0.9095141637482645,0.009756097560975605,0.8333333333333334,0.00956,0.000295,,resnet50,30,64,12,339.8,1.506,2.97,cfb0d6d3c6bc4e5e8f542197e3910b266c71333d91adb01412faa09d3eb8540d,0,0.00925,
waterbirds,dfr,13,0.9049844236760125,0.9138764238867795,0.9126460064515683,0.010903426791277204,0.8484848484848485,0.00956,0.000295,,resnet50,30,64,12,344.6,1.515,2.97,cfb0d6d3c6bc4e5e8f542197e3910b266c71333d91adb01412faa09d3eb8540d,0,0.00925,
waterbirds,dfr,14,0.8769470404984424,0.8940283051432516,0.8912617167802944,0.03192904656319291,0.7121212121212122,0.00956,0.000295,,resnet50,30,64,12,343.0,1.492,2.97,cfb0d6d3c6bc4e5e8f542197e3910b266c71333d91adb01412faa09d3eb8540d,0,0.00925,
waterbirds,dfr,15,0.8940809968847352,0.9152571625819813,0.9104689475102058,0.03414634146341464,0.7575757575757576,0.00956,0.000295,,resnet50,30,64,12,342.3,1.503,2.97,cfb0d6d3c6bc4e5e8f542197e3910b266c71333d91adb01412faa09d3eb8540d,0,0.00925,
waterbirds,dfr,16,0.8847352024922118,0.9142216085605799,0.9095252156854619,0.05587583148558759,0.7575757575757576,0.00956,0.000295,,resnet50,30,64,12,338.4,1.503,2.97,cfb0d6d3c6bc4e5e8f542197e3910b266c71333d91adb01412faa09d3eb8540d,0,0.00925,
waterbirds,dfr,17,0.9018691588785047,0.9226786330686918,0.917743021737779,0.019068736141906878,0.8181818181818182,0.00956,0.000295,,resnet50,30,64,12,344.5,1.503,2.97,cfb0d6d3c6bc4e5e8f542197e3910b266c71333d91adb01412faa09d3eb8540d,0,0.00925,
waterbirds,dfr,18,0.8769470404984424,0.927166033828098,0.9167258981425839,0.04205607476635509,0.8636363636363636,0.00956,0.000295,,resnet50,30,64,12,341.2,1.508,2.97,cfb0d6d3c6bc4e5e8f542197e3910b266c71333d91adb01412faa09d3eb8540d,0,0.00925,
waterbirds,dfr,19,0.8753894080996885,0.9252675181221953,0.9118853223366559,0.025277161862527715,0.803030303030303,0.00956,0.000295,,resnet50,30,64,12,348.9,1.503,2.97,cfb0d6d3c6bc4e5e8f542197e3910b266c71333d91adb01412faa09d3eb8540d,0,0.00925,
waterbirds,erm,0,0.7133956386292835,0.8888505350362443,0.8703875430852864,0.24766355140186924,0.7121212121212122,0.00523,0.000169,,resnet50,30,64,12,319.6,1.393,2.97,cfb0d6d3c6bc4e5e8f542197e3910b266c71333d91adb01412faa09d3eb8540d,0,,
waterbirds,erm,1,0.739689578713969,0.8634794615119089,0.8630038129183331,0.24833702882483372,0.6818181818181818,0.00523,0.000169,,resnet50,30,64,12,340.4,1.398,2.97,cfb0d6d3c6bc4e5e8f542197e3910b266c71333d91adb01412faa09d3eb8540d,0,,
waterbirds,erm,2,0.7180685358255452,0.8572661373835002,0.8523276415856766,0.2598669623059867,0.6666666666666666,0.00523,0.000169,,resnet50,30,64,12,343.8,1.409,2.97,cfb0d6d3c6bc4e5e8f542197e3910b266c71333d91adb01412faa09d3eb8540d,0,,
waterbirds,erm,3,0.7277161862527716,0.8605453917846048,0.8630689157358864,0.2616407982261641,0.7296137339055794,0.00523,0.000169,,resnet50,30,64,12,343.2,1.398,2.97,cfb0d6d3c6bc4e5e8f542197e3910b266c71333d91adb01412faa09d3eb8540d,0,,
waterbirds,erm,4,0.6931464174454829,0.8605453917846048,0.8502559214207266,0.2772585669781932,0.7081545064377682,0.00523,0.000169,,resnet50,30,64,12,341.4,1.398,2.97,cfb0d6d3c6bc4e5e8f542197e3910b266c71333d91adb01412faa09d3eb8540d,0,,
waterbirds,erm,5,0.7320872274143302,0.8743527787366241,0.8669243149525803,0.2429906542056075,0.6666666666666666,0.00523,0.000169,,resnet50,30,64,12,322.4,1.399,2.97,cfb0d6d3c6bc4e5e8f542197e3910b266c71333d91adb01412faa09d3eb8540d,0,,
waterbirds,erm,6,0.6993769470404985,0.8774594408008285,0.859727949658426,0.2570093457943925,0.6818181818181818,0.00523,0.000169,,resnet50,30,64,12,322.7,1.4,2.97,cfb0d6d3c6bc4e5e8f542197e3910b266c71333d91adb01412faa09d3eb8540d,0,,
waterbirds,erm,7,0.7068736141906874,0.8508802209181913,0.8537965131138142,0.28337028824833704,0.703862660944206,0.00523,0.000169,,resnet50,30,64,12,333.9,1.391,2.97,cfb0d6d3c6bc4e5e8f542197e3910b266c71333d91adb01412faa09d3eb8540d,0,,
waterbirds,erm,8,0.7258566978193146,0.8860890576458406,0.8700064239384959,0.23052959501557635,0.6818181818181818,0.00523,0.000169,,resnet50,30,64,12,336.8,1.398,2.97,cfb0d6d3c6bc4e5e8f542197e3910b266c71333d91adb01412faa09d3eb8540d,0,,
waterbirds,erm,9,0.735202492211838,0.8793579565067311,0.8690252191391922,0.23052959501557635,0.696969696969697,0.00523,0.000169,,resnet50,30,64,12,340.3,1.399,2.97,cfb0d6d3c6bc4e5e8f542197e3910b266c71333d91adb01412faa09d3eb8540d,0,,
waterbirds,erm,10,0.7725856697819314,0.8835001725923369,0.8772568401130061,0.20620842572062084,0.7121212121212122,0.00523,0.000169,,resnet50,30,64,12,337.2,1.39,2.97,cfb0d6d3c6bc4e5e8f542197e3910b266c71333d91adb01412faa09d3eb8540d,0,,
waterbirds,erm,11,0.6947040498442367,0.8677942699344149,0.8551907840658697,0.27570093457943934,0.6818181818181818,0.00523,0.000169,,resnet50,30,64,12,331.1,1.412,2.97,cfb0d6d3c6bc4e5e8f542197e3910b266c71333d91adb01412faa09d3eb8540d,0,,
waterbirds,erm,12,0.7490022172949002,0.8648602002071109,0.8613838406863253,0.23725055432372505,0.7121212121212122,0.00523,0.000169,,resnet50,30,64,12,334.6,1.398,2.97,cfb0d6d3c6bc4e5e8f542197e3910b266c71333d91adb01412faa09d3eb8540d,0,,
waterbirds,erm,13,0.7242990654205608,0.8769416637901277,0.8649662225169406,0.23831775700934577,0.696969696969697,0.00523,0.000169,,resnet50,30,64,12,334.0,1.408,2.97,cfb0d6d3c6bc4e5e8f542197e3910b266c71333d91adb01412faa09d3eb8540d,0,,
waterbirds,erm,14,0.7073170731707317,0.8527787366240939,0.8630937825945804,0.2745011086474501,0.7121212121212122,0.00523,0.000169,,resnet50,30,64,12,339.5,1.302,2.97,cfb0d6d3c6bc4e5e8f542197e3910b266c71333d91adb01412faa09d3eb8540d,0,,
waterbirds,erm,15,0.719290465631929,0.8569209527096997,0.8635261896374273,0.26474501108647447,0.6818181818181818,0.00523,0.000169,,resnet50,30,64,12,343.0,1.391,2.97,cfb0d6d3c6bc4e5e8f542197e3910b266c71333d91adb01412faa09d3eb8540d,0,,
waterbirds,erm,16,0.7388026607538802,0.865723161891612,0.8708515517610571,0.2456762749445676,0.7381974248927039,0.00523,0.000169,,resnet50,30,64,12,341.9,1.399,2.97,cfb0d6d3c6bc4e5e8f542197e3910b266c71333d91adb01412faa09d3eb8540d,0,,
waterbirds,erm,17,0.7685144124168515,0.8779772178115292,0.8759375151100705,0.2221729490022173,0.696969696969697,0.00523,0.000169,,resnet50,30,64,12,335.4,1.391,2.97,cfb0d6d3c6bc4e5e8f542197e3910b266c71333d91adb01412faa09d3eb8540d,0,,
waterbirds,erm,18,0.6913525498891353,0.8501898515705902,0.8656089617395749,0.29312638580931266,0.6995708154506438,0.00523,0.000169,,resnet50,30,64,12,350.0,1.399,2.97,cfb0d6d3c6bc4e5e8f542197e3910b266c71333d91adb01412faa09d3eb8540d,0,,
waterbirds,erm,19,0.6666666666666666,0.9097342078011736,0.8732175297538872,0.2819314641744549,0.696969696969697,0.00523,0.000169,,resnet50,30,64,12,335.0,1.409,2.97,cfb0d6d3c6bc4e5e8f542197e3910b266c71333d91adb01412faa09d3eb8540d,0,,
waterbirds,gdro,0,0.8709534368070954,0.8943734898170521,0.896775770009187,0.043015521064301565,0.8333333333333334,0.000943,0.00037,,resnet50,30,64,12,371.9,1.538,2.97,cfb0d6d3c6bc4e5e8f542197e3910b266c71333d91adb01412faa09d3eb8540d,0,,0.147
waterbirds,gdro,1,0.8084257206208426,0.8952364515015533,0.8962159203155329,0.17206208425720623,0.803030303030303,0.000943,0.00037,,resnet50,30,64,12,334.5,1.627,2.97,cfb0d6d3c6bc4e5e8f542197e3910b266c71333d91adb01412faa09d3eb8540d,0,,0.147
waterbirds,gdro,2,0.822429906542056,0.9055919917155678,0.8972969379226503,0.13215077605321507,0.8326180257510729,0.000943,0.00037,,resnet50,30,64,12,341.3,1.634,2.97,cfb0d6d3c6bc4e5e8f542197e3910b266c71333d91adb01412faa09d3eb8540d,0,,0.147
waterbirds,gdro,3,0.8150776053215077,0.8878149810148429,0.891448736280056,0.13968957871396898,0.8181818181818182,0.000943,0.00037,,resnet50,30,64,12,363.3,1.641,2.97,cfb0d6d3c6bc4e5e8f542197e3910b266c71333d91adb01412faa09d3eb8540d,0,,0.147
waterbirds,gdro,4,0.8190687361419069,0.8943734898170521,0.9009539203293477,0.1401330376940133,0.8068669527896996,0.000943,0.00037,,resnet50,30,64,12,363.2,1.621,2.97,cfb0d6d3c6bc4e5e8f542197e3910b266c71333d91adb01412faa09d3eb8540d,0,,0.147
waterbirds,gdro,5,0.8394678492239468,0.9043838453572661,0.9043200986385395,0.12993348115299333,0.7878787878787878,0.000943,0.00037,,resnet50,30,64,12,367.9,1.649,2.97,cfb0d6d3c6bc4e5e8f542197e3910b266c71333d91adb01412faa09d3eb8540d,0,,0.147
waterbirds,gdro,6,0.8381374722838137,0.875043148084225,0.8879799821787513,0.053215077605321515,0.8484848484848485,0.000943,0.00037,,resnet50,30,64,12,360.7,1.53,2.97,cfb0d6d3c6bc4e5e8f542197e3910b266c71333d91adb01412faa09d3eb8540d,0,,0.147
waterbirds,gdro,7,0.822429906542056,0.9097342078011736,0.8996791484482389,0.11840354767184035,0.803030303030303,0.000943,0.00037,,resnet50,30,64,12,345.5,1.62,2.97,cfb0d6d3c6bc4e5e8f542197e3910b266c71333d91adb01412faa09d3eb8540d,0,,0.147
waterbirds,gdro,8,0.801330376940133,0.8612357611322057,0.8846816696714122,0.08248337028824834,0.8181818181818182,0.000943,0.00037,,resnet50,30,64,12,351.5,1.529,2.97,cfb0d6d3c6bc4e5e8f542197e3910b266c71333d91adb01412faa09d3eb8540d,0,,0.147
waterbirds,gdro,9,0.8354767184035476,0.8992060752502589,0.9007156129335294,0.12505543237250555,0.8240343347639485,0.000943,0.00037,,resnet50,30,64,12,360.3,1.62,2.97,cfb0d6d3c6bc4e5e8f542197e3910b266c71333d91adb01412faa09d3eb8540d,0,,0.147
waterbirds,gdro,10,0.8613707165109035,0.912150500517777,0.899002908040975,0.028037383177570097,0.8484848484848485,0.000943,0.00037,,resnet50,30,64,12,355.2,1.541,2.97,cfb0d6d3c6bc4e5e8f542197e3910b266c71333d91adb01412faa09d3eb8540d,0,,0.147
waterbirds,gdro,11,0.8430155210643016,0.9073179150845703,0.9078760594317923,0.12771618625277162,0.8240343347639485,0.000943,0.00037,,resnet50,30,64,12,368.8,1.628,2.97,cfb0d6d3c6bc4e5e8f542197e3910b266c71333d91adb01412faa09d3eb8540d,0,,0.147
waterbirds,gdro,12,0.847450110864745,0.8805661028650328,0.8890207638270096,0.05277161862527717,0.8333333333333334,0.000943,0.00037,,resnet50,30,64,12,361.6,1.529,2.97,cfb0d6d3c6bc4e5e8f542197e3910b266c71333d91adb01412faa09d3eb8540d,0,,0.147
waterbirds,gdro,13,0.8403547671840355,0.8938557128063513,0.8933791988727025,0.10776053215077605,0.8484848484848485,0.000943,0.00037,,resnet50,30,64,12,359.6,1.619,2.97,cfb0d6d3c6bc4e5e8f542197e3910b266c71333d91adb01412faa09d3eb8540d,0,,0.147
waterbirds,gdro,14,0.8101995565410199,0.8957542285122541,0.8932059942944374,0.1751662971175166,0.8181818181818182,0.000943,0.00037,,resnet50,30,64,12,366.5,1.629,2.97,cfb0d6d3c6bc4e5e8f542197e3910b266c71333d91adb01412faa09d3eb8540d,0,,0.147
waterbirds,gdro,15,0.847450110864745,0.9004142216085605,0.8989847759565107,0.10820399113082041,0.803030303030303,0.000943,0.00037,,resnet50,30,64,12,362.6,1.65,2.97,cfb0d6d3c6bc4e5e8f542197e3910b266c71333d91adb01412faa09d3eb8540d,0,,0.147
waterbirds,gdro,16,0.8093126385809313,0.896444597859855,0.8958778001119009,0.1751662971175166,0.7982832618025751,0.000943,0.00037,,resnet50,30,64,12,359.4,1.648,2.97,cfb0d6d3c6bc4e5e8f542197e3910b266c71333d91adb01412faa09d3eb8540d,0,,0.147
waterbirds,gdro,17,0.823059866962306,0.8976527442181567,0.8983251134550428,0.14811529933481155,0.8181818181818182,0.000943,0.00037,,resnet50,30,64,12,367.1,1.63,2.97,cfb0d6d3c6bc4e5e8f542197e3910b266c71333d91adb01412faa09d3eb8540d,0,,0.147
waterbirds,gdro,18,0.8364485981308412,0.9055919917155678,0.9006394581787789,0.14456762749445676,0.8197424892703863,0.000943,0.00037,,resnet50,30,64,12,362.2,1.635,2.97,cfb0d6d3c6bc4e5e8f542197e3910b266c71333d91adb01412faa09d3eb8540d,0,,0.147
waterbirds,gdro,19,0.8283813747228381,0.8933379357956507,0.8983389283765395,0.12195121951219513,0.803030303030303,0.000943,0.00037,,resnet50,30,64,12,359.7,1.623,2.97,cfb0d6d3c6bc4e5e8f542197e3910b266c71333d91adb01412faa09d3eb8540d,0,,0.147
waterbirds,rw,0,0.8691588785046729,0.9102519848118743,0.9041898930034331,0.05986696230598669,0.8181818181818182,0.00104,1.64e-05,,resnet50,30,64,12,317.8,1.327,2.97,cfb0d6d3c6bc4e5e8f542197e3910b266c71333d91adb01412faa09d3eb8540d,0,,
waterbirds,rw,1,0.8894080996884736,0.9050742147048672,0.8997497772343909,0.016407982261640794,0.8333333333333334,0.00104,1.64e-05,,resnet50,30,64,12,295.2,1.333,2.97,cfb0d6d3c6bc4e5e8f542197e3910b266c71333d91adb01412faa09d3eb8540d,0,,
waterbirds,rw,2,0.8520249221183801,0.9233690024162927,0.9059305731120183,0.04517133956386288,0.8484848484848485,0.00104,1.64e-05,,resnet50,30,64,12,338.4,1.332,2.97,cfb0d6d3c6bc4e5e8f542197e3910b266c71333d91adb01412faa09d3eb8540d,0,,
waterbirds,rw,3,0.8644859813084113,0.9157749395926821,0.9046735879423364,0.07361419068736141,0.8484848484848485,0.00104,1.64e-05,,resnet50,30,64,12,317.0,1.421,2.97,cfb0d6d3c6bc4e5e8f542197e3910b266c71333d91adb01412faa09d3eb8540d,0,,
waterbirds,rw,4,0.8279379157427937,0.9007594062823611,0.8980923320278232,0.1498891352549889,0.8181818181818182,0.00104,1.64e-05,,resnet50,30,64,12,342.7,1.44,2.97,cfb0d6d3c6bc4e5e8f542197e3910b266c71333d91adb01412faa09d3eb8540d,0,,
waterbirds,rw,5,0.8208722741433022,0.9140490162236796,0.9010580503001292,0.11370716510903423,0.803030303030303,0.00104,1.64e-05,,resnet50,30,64,12,325.7,1.422,2.97,cfb0d6d3c6bc4e5e8f542197e3910b266c71333d91adb01412faa09d3eb8540d,0,,
waterbirds,rw,6,0.8523281596452328,0.892129789437349,0.9014624821269452,0.0647450110864745,0.8540772532188842,0.00104,1.64e-05,,resnet50,30,64,12,317.9,1.423,2.97,cfb0d6d3c6bc4e5e8f542197e3910b266c71333d91adb01412faa09d3eb8540d,0,,
waterbirds,rw,7,0.8084257206208426,0.886434242319641,0.8978039455415795,0.1379157427937916,0.8154506437768241,0.00104,1.64e-05,,resnet50,30,64,12,311.4,1.423,2.97,cfb0d6d3c6bc4e5e8f542197e3910b266c71333d91adb01412faa09d3eb8540d,0,,
waterbirds,rw,8,0.8008869179600887,0.8938557128063513,0.9053565631238301,0.16762749445676275,0.8197424892703863,0.00104,1.64e-05,,resnet50,30,64,12,333.9,1.423,2.97,cfb0d6d3c6bc4e5e8f542197e3910b266c71333d91adb01412faa09d3eb8540d,0,,
waterbirds,rw,9,0.8625277161862528,0.8862616499827408,0.892400757057698,0.03769401330376941,0.8484848484848485,0.00104,1.64e-05,,resnet50,30,64,12,318.7,1.333,2.97,cfb0d6d3c6bc4e5e8f542197e3910b266c71333d91adb01412faa09d3eb8540d,0,,
waterbirds,rw,10,0.8261640798226164,0.9007594062823611,0.9003206788652424,0.1498891352549889,0.8181818181818182,0.00104,1.64e-05,,resnet50,30,64,12,337.2,1.423,2.97,cfb0d6d3c6bc4e5e8f542197e3910b266c71333d91adb01412faa09d3eb8540d,0,,
waterbirds,rw,11,0.823059866962306,0.9009319986192613,0.9004315436102535,0.15654101995565411,0.8181818181818182,0.00104,1.64e-05,,resnet50,30,64,12,323.2,1.423,2.97,cfb0d6d3c6bc4e5e8f542197e3910b266c71333d91adb01412faa09d3eb8540d,0,,
waterbirds,rw,12,0.8354767184035476,0.8898860890576459,0.9005783271511559,0.0917960088691796,0.8333333333333334,0.00104,1.64e-05,,resnet50,30,64,12,331.7,1.423,2.97,cfb0d6d3c6bc4e5e8f542197e3910b266c71333d91adb01412faa09d3eb8540d,0,,
waterbirds,rw,13,0.8461197339246119,0.9057645840524681,0.9046499298892734,0.12106430155210643,0.8333333333333334,0.00104,1.64e-05,,resnet50,30,64,12,324.0,1.423,2.97,cfb0d6d3c6bc4e5e8f542197e3910b266c71333d91adb01412faa09d3eb8540d,0,,
waterbirds,rw,14,0.844789356984479,0.8752157404211253,0.8919904538892458,0.03414634146341464,0.8583690987124464,0.00104,1.64e-05,,resnet50,30,64,12,330.3,1.333,2.97,cfb0d6d3c6bc4e5e8f542197e3910b266c71333d91adb01412faa09d3eb8540d,0,,
waterbirds,rw,15,0.8585365853658536,0.8779772178115292,0.8873577926518432,0.02394678492239466,0.8636363636363636,0.00104,1.64e-05,,resnet50,30,64,12,327.8,1.333,2.97,cfb0d6d3c6bc4e5e8f542197e3910b266c71333d91adb01412faa09d3eb8540d,0,,
waterbirds,rw,16,0.8489096573208723,0.9081808767690714,0.9006311692258808,0.09711751662971174,0.8181818181818182,0.00104,1.64e-05,,resnet50,30,64,12,335.3,1.431,2.97,cfb0d6d3c6bc4e5e8f542197e3910b266c71333d91adb01412faa09d3eb8540d,0,,
waterbirds,rw,17,0.839563862928349,0.9118053158439765,0.9049091323538554,0.12549889135254988,0.803030303030303,0.00104,1.64e-05,,resnet50,30,64,12,322.2,1.431,2.97,cfb0d6d3c6bc4e5e8f542197e3910b266c71333d91adb01412faa09d3eb8540d,0,,
waterbirds,rw,18,0.867601246105919,0.9078356920952709,0.8998523530265039,0.05454545454545454,0.7878787878787878,0.00104,1.64e-05,,resnet50,30,64,12,340.1,1.333,2.97,cfb0d6d3c6bc4e5e8f542197e3910b266c71333d91adb01412faa09d3eb8540d,0,,
waterbirds,rw,19,0.8199556541019956,0.8995512599240594,0.9017729724875838,0.15565410199556542,0.803030303030303,0.00104,1.64e-05,,resnet50,30,64,12,321.0,1.422,2.97,cfb0d6d3c6bc4e5e8f542197e3910b266c71333d91adb01412faa09d3eb8540d,0,,
